SAMPLE_ID,CMYK_C,CMYK_M,CMYK_Y,CMYK_K,L,A,B,X,Y,Z
1,100,0,0,0,58.39,-21.98,-27.85,20.55,26.38,39.23
2,0,100,0,0,54.93,43.8,-1.45,32.94,22.86,19.53
3,0,0,100,0,78.82,-2.32,59.54,51.78,54.62,11.58
4,100,100,0,0,42.63,6.71,-22.43,13.47,12.91,19.43
5,100,0,100,0,53.77,-31.96,15.46,14.98,21.76,11.88
6,0,100,100,0,52.42,41.31,23.69,29.32,20.52,8.64
7,100,100,100,0,40.48,-0.45,-0.09,11.07,11.55,9.55
8,70,70,0,0,48.29,7.72,-20.24,17.82,17.02,23.22
9,70,0,70,0,60.14,-25.66,15,21.36,28.28,16.21
10,0,70,70,0,58.13,32.08,22.88,33.52,26.09,11.91
11,40,40,0,0,57.69,6.23,-15.22,26.2,25.64,29.7
12,0,40,40,0,65.88,20.62,19.55,40.2,35.17,18.55
13,40,40,40,0,56.28,2.5,4.18,23.89,24.19,18.01
14,40,0,40,0,67.58,-17.17,12.11,31.16,37.41,23.72
15,20,20,0,0,67.98,3.85,-8.26,37.76,37.94,36.97
16,20,0,20,0,74.14,-9.39,8.49,42.04,46.92,32.7
17,0,20,20,0,73.2,10.81,13.75,47.64,45.47,28.32
18,100,0,0,100,34.33,-3.9,-3.31,7.46,8.17,7.54
19,0,100,0,100,34.29,11.69,3.45,9.2,8.15,5.95
20,0,0,100,100,40.04,-0.55,15.4,10.8,11.27,5.52
21,100,100,0,100,32.49,3.26,-3.9,7.38,7.3,6.91
22,100,0,100,100,36.19,-9.56,5.49,7.71,9.11,6.22
23,0,100,100,100,35.48,12.33,8.71,9.91,8.74,5.29
24,100,100,100,100,32.82,0.33,1.67,7.22,7.45,5.79
25,0,0,0,100,36.68,1.27,4.31,9.18,9.37,6.68
26,0,0,0,0,82.61,-0.06,3.02,59.21,61.44,48.02
27,90,0,0,0,60.08,-20.8,-25.86,22.34,28.21,39.92
28,80,0,0,0,61.79,-19.49,-23.8,24.3,30.16,40.61
29,70,0,0,0,63.58,-18.02,-21.59,26.48,32.29,41.29
30,60,0,0,0,65.43,-16.48,-19.25,28.87,34.59,41.96
31,50,0,0,0,67.47,-14.69,-16.65,31.7,37.26,42.69
32,40,0,0,0,69.7,-12.65,-13.82,35.02,40.32,43.5
33,30,0,0,0,72.39,-10.13,-10.31,39.34,44.23,44.4
34,25,0,0,0,73.81,-8.76,-8.45,41.77,46.4,44.89
35,20,0,0,0,75.28,-7.33,-6.53,44.4,48.73,45.41
36,15,0,0,0,77.04,-5.6,-4.25,47.69,51.6,46.03
37,10,0,0,0,78.84,-3.84,-1.91,51.22,54.65,46.68
38,7,0,0,0,79.93,-2.76,-0.49,53.45,56.57,47.07
39,3,0,0,0,81.46,-1.22,1.51,56.69,59.31,47.61
40,0,90,0,0,56.58,40.72,-1.96,34.09,24.49,21.17
41,0,80,0,0,58.35,37.52,-2.32,35.38,26.33,22.92
42,0,70,0,0,60.3,34.12,-2.48,36.9,28.46,24.83
43,0,60,0,0,62.41,30.58,-2.44,38.61,30.88,26.88
44,0,50,0,0,64.84,26.65,-2.15,40.7,33.84,29.23
45,0,40,0,0,67.55,22.37,-1.64,43.16,37.36,31.89
46,0,30,0,0,70.79,17.31,-0.79,46.25,41.88,35.09
47,0,25,0,0,72.48,14.67,-0.31,47.92,44.38,36.84
48,0,20,0,0,74.23,11.98,0.19,49.7,47.06,38.68
49,0,15,0,0,76.29,8.97,0.84,51.92,50.36,40.89
50,0,10,0,0,78.35,6.02,1.51,54.22,53.81,43.16
51,0,7,0,0,79.59,4.26,1.93,55.64,55.95,44.55
52,0,3,0,0,81.31,1.8,2.55,57.66,59.04,46.51
53,0,0,90,0,79,-2.6,55.18,51.96,54.93,13.21
54,0,0,80,0,79.2,-2.81,50.79,52.21,55.28,15.02
55,0,0,70,0,79.44,-2.91,46.28,52.56,55.69,17.06
56,0,0,60,0,79.69,-2.91,41.71,52.99,56.14,19.32
57,0,0,50,0,80,-2.79,36.78,53.54,56.67,22
58,0,0,40,0,80.34,-2.58,31.48,54.2,57.28,25.16
59,0,0,30,0,80.75,-2.2,25.24,55.07,58.03,29.26
60,0,0,25,0,80.99,-1.96,21.96,55.56,58.44,31.6
61,0,0,20,0,81.23,-1.69,18.58,56.1,58.89,34.15
62,0,0,15,0,81.54,-1.35,14.74,56.78,59.46,37.24
63,0,0,10,0,81.87,-0.97,10.92,57.52,60.06,40.54
64,0,0,7,0,82.08,-0.73,8.62,57.98,60.44,42.62
65,0,0,3,0,82.38,-0.35,5.43,58.68,61.01,45.65
66,0,0,0,90,40.44,1.1,4.15,11.26,11.52,8.34
67,0,0,0,80,44.17,0.93,3.99,13.6,13.96,10.24
68,0,0,0,70,48.08,0.81,3.84,16.4,16.86,12.51
69,0,0,0,60,51.96,0.7,3.69,19.53,20.11,15.07
70,0,0,0,50,56.23,0.57,3.57,23.4,24.14,18.25
71,0,0,0,40,60.46,0.43,3.46,27.73,28.64,21.82
72,0,0,0,30,65.56,0.28,3.33,33.59,34.76,26.68
73,0,0,0,25,68.1,0.21,3.27,36.8,38.1,29.35
74,0,0,0,20,70.62,0.14,3.21,40.19,41.64,32.18
75,0,0,0,15,73.64,0.09,3.17,44.52,46.14,35.77
76,0,0,0,10,76.64,0.04,3.12,49.12,50.93,39.6
77,0,0,0,7,78.43,0.01,3.09,52.02,53.95,42.02
78,0,0,0,3,80.82,-0.03,3.05,56.05,58.14,45.38
79,40,100,0,0,47.79,23.62,-13.65,20.53,16.63,19.48
80,40,100,40,0,46.88,20.5,-1.18,19.12,15.93,13.58
81,0,100,40,0,53.61,42.3,11.79,30.95,21.61,13.07
82,40,100,100,0,45.81,18.69,10,17.88,15.13,9.29
83,0,40,100,0,64.45,20.38,39.34,38.17,33.36,10.11
84,40,40,100,0,54.68,0.81,21.34,21.99,22.62,10.47
85,70,70,70,0,46.61,1.98,2.03,15.5,15.73,12.25
86,40,0,100,0,65.34,-18.63,35.25,28.22,34.48,11.93
87,100,40,100,0,46.7,-15.02,6.33,12.82,15.79,10.87
88,100,0,40,0,55.99,-28.84,-3.7,17.2,23.9,21.53
89,100,40,40,0,48.18,-11.58,-7.81,14.36,16.94,17.14
90,100,40,0,0,49.69,-5.89,-25.51,16.44,18.16,27.55
91,100,100,40,0,41.7,3.14,-9.93,12.32,12.3,13.5
92,70,100,20,0,44.3,12.28,-11.92,15.56,14.05,16.05
93,20,70,20,0,54.91,22.36,-0.54,27.22,22.85,19.09
94,20,70,40,0,54.33,21.27,6.72,26.33,22.28,15.49
95,20,100,70,0,49.2,29.09,10.61,23.01,17.76,10.88
96,20,70,70,0,53.66,20.37,14.71,25.43,21.66,12.07
97,20,70,100,0,53.05,20.01,21.4,24.72,21.09,9.6
98,20,20,70,0,65.32,-0.22,26.76,33.15,34.45,15.05
99,70,20,100,0,54.17,-16.26,17.98,18.08,22.14,11.27
100,70,20,70,0,55.11,-15.63,10.04,18.99,23.04,14.71
101,100,20,70,0,50.73,-21.7,3.39,14.5,19.03,14.35
102,70,20,20,0,56.94,-11.62,-9.47,21.41,24.86,25.5
103,100,70,20,0,44.92,-1.08,-15.81,13.79,14.48,18.19
104,70,70,20,0,47.72,5.36,-11.81,16.93,16.57,18.57
105,70,100,70,0,43.36,9.22,-0.57,14.37,13.4,11.24
106,40,70,40,0,50.86,12.57,0.81,20.98,19.14,15.46
107,20,40,20,0,61.17,11.55,1.83,31.45,29.44,23.3
108,70,100,100,0,42.81,8.15,4.07,13.81,13.03,9.5
109,20,40,40,0,60.47,10.36,10.81,30.31,28.65,18.28
110,70,70,100,0,45.96,1.01,7.79,14.86,15.24,10.02
111,40,40,70,0,55.47,1.25,13.59,22.83,23.39,13.59
112,20,20,40,0,66.23,0.67,15.14,34.54,35.62,20.94
113,20,20,20,0,67.02,1.94,4.7,35.93,36.66,27.36
114,100,70,100,0,43.15,-6.59,2.34,11.82,13.26,10.2
115,70,40,70,0,50.99,-7.27,6.04,17.2,19.26,13.52
116,40,20,40,0,61.36,-6.47,7.68,26.96,29.66,20.48
117,100,70,70,0,43.77,-5.26,-2.68,12.4,13.68,12.19
118,40,40,20,0,56.94,4.08,-4.42,24.91,24.86,22.74
119,100,100,70,0,41.07,1.27,-4.28,11.66,11.91,11.16
120,40,20,20,0,62.16,-4.79,-2.28,28.26,30.59,26.54
121,70,40,40,0,51.8,-5.53,-2.64,18.18,19.97,17.61
122,100,85,85,100,33.07,-0.39,1.33,7.26,7.57,5.96
123,100,85,85,80,34.12,-0.8,1.23,7.69,8.06,6.37
124,100,85,85,60,35.44,-1.13,1,8.28,8.72,6.95
125,80,65,65,100,33.86,0.06,1.74,7.66,7.94,6.16
126,80,65,65,80,35.34,-0.23,1.68,8.33,8.67,6.75
127,80,65,65,60,37.21,-0.61,1.45,9.23,9.65,7.59
128,80,65,65,40,39.53,-0.93,1.08,10.45,10.97,8.75
129,60,45,45,100,34.62,0.43,2.21,8.06,8.31,6.35
130,60,45,45,80,36.81,0.11,2.17,9.11,9.44,7.24
131,60,45,45,60,39.48,-0.3,1.94,10.51,10.94,8.49
132,60,45,45,40,42.73,-0.69,1.6,12.41,12.98,10.21
133,60,45,45,20,46.94,-1.18,1.08,15.2,15.97,12.79
134,40,27,27,100,35.28,0.64,2.7,8.4,8.64,6.49
135,40,27,27,80,38.7,0.26,2.57,10.14,10.49,7.96
136,40,27,27,60,42.57,-0.19,2.33,12.38,12.87,9.9
137,40,27,27,40,47.17,-0.72,1.91,15.45,16.15,12.63
138,40,27,27,20,52.98,-1.39,1.25,19.99,21.03,16.8
139,40,27,27,10,56.49,-1.8,0.81,23.13,24.41,19.75
140,20,12,12,100,35.9,0.83,3.34,8.73,8.95,6.59
141,20,12,12,80,41.15,0.46,3.07,11.59,11.96,8.97
142,20,12,12,60,46.84,-0.03,2.69,15.33,15.9,12.16
143,20,12,12,40,53.22,-0.51,2.2,20.39,21.25,16.58
144,20,12,12,20,61,-1.09,1.53,27.93,29.25,23.3
145,20,12,12,10,65.65,-1.46,1.09,33.21,34.88,28.11
146,10,6,6,100,36.26,1.06,3.86,8.94,9.14,6.61
147,10,6,6,80,42.58,0.74,3.58,12.53,12.88,9.54
148,10,6,6,60,49.3,0.38,3.23,17.27,17.84,13.49
149,10,6,6,40,56.69,0.02,2.87,23.73,24.61,18.94
150,10,6,6,20,65.59,-0.39,2.41,33.44,34.8,27.25
151,10,6,6,10,70.92,-0.56,2.21,40.39,42.08,33.19
152,100,85,85,0,42.02,-2.58,-1.18,11.7,12.51,10.69
153,80,65,65,0,46.28,-1.66,-0.25,14.65,15.48,12.86
154,60,45,45,0,52.08,-1.72,0.4,19.15,20.21,16.5
155,40,27,27,0,59.98,-2.2,0.37,26.55,28.1,22.98
156,20,12,12,0,70.23,-1.79,0.72,39.04,41.08,33.4
157,10,6,6,0,76.12,-0.82,1.93,47.99,50.08,39.82
158,5,3,3,0,79.3,-0.44,2.42,53.29,55.45,43.75
159,100,0,0,20,51.42,-17.31,-20.69,15.75,19.63,26.48
160,0,100,0,20,48.93,33.98,-0.48,23.85,17.54,14.65
161,0,0,100,20,67.25,-2,46.17,35.05,36.96,9.52
162,100,100,0,20,39.72,5.5,-17.04,11.44,11.09,14.92
163,100,0,100,20,48.57,-25.2,12.91,12.51,17.24,9.83
164,0,100,100,20,47.25,31.65,19,21.73,16.21,7.53
165,40,40,0,20,51.34,5.29,-10.85,19.91,19.56,21.1
166,40,0,40,20,58.8,-13.17,10.46,22.82,26.82,17.16
167,0,40,40,20,57.59,15.99,16.1,28.54,25.54,14.02
168,100,100,0,40,37.32,4.65,-12.63,9.94,9.71,11.79
169,100,0,100,40,44.3,-19.73,10.65,10.69,14.05,8.38
170,0,100,100,40,43.09,24.03,15.26,16.7,13.22,6.7
171,40,40,0,40,45.97,4.56,-7.34,15.47,15.25,15.35
172,40,0,40,40,51.56,-9.94,8.97,17.16,19.75,12.81
173,0,40,40,40,50.73,12.34,13.23,20.82,19.03,10.88
174,100,0,0,70,39.34,-8.37,-8.45,9.41,10.86,11.55
175,0,100,0,70,38.6,17.8,1.8,12.51,10.43,8.12
176,0,0,100,70,47.78,-1.17,23.94,15.82,16.62,6.56
177,100,100,0,70,34.64,3.73,-7.81,8.44,8.32,8.87
178,100,0,100,70,39.74,-13.85,7.95,8.95,11.1,7.06
179,0,100,100,70,38.68,16.74,11.39,12.41,10.47,5.87
180,40,40,0,70,39.62,3.67,-3.58,11.13,11.02,10.15
181,40,0,40,70,43.45,-6.51,7.1,12.02,13.46,8.96
182,0,40,40,70,42.89,8.77,10.07,13.97,13.09,7.89
183,0,0,0,0,82.61,-0.06,3.02,59.21,61.44,48.02
184,0,10,0,0,78.35,6.02,1.51,54.22,53.81,43.16
185,0,20,0,0,74.23,11.98,0.19,49.7,47.06,38.68
186,0,40,0,0,67.55,22.37,-1.64,43.16,37.36,31.89
187,0,70,0,0,60.3,34.12,-2.48,36.9,28.46,24.83
188,0,100,0,0,54.93,43.8,-1.45,32.94,22.86,19.53
189,10,0,0,0,78.84,-3.84,-1.91,51.22,54.65,46.68
190,10,10,0,0,74.94,2.06,-2.99,47.19,48.18,42.06
191,10,20,0,0,71.06,7.8,-4.13,43.35,42.27,37.83
192,10,40,0,0,64.69,17.68,-5.58,37.66,33.66,31.25
193,10,70,0,0,57.9,28.83,-6.08,32.33,25.86,24.53
194,10,100,0,0,52.83,37.99,-5.02,28.91,20.89,19.51
195,20,0,0,0,75.28,-7.33,-6.53,44.4,48.73,45.41
196,20,10,0,0,71.59,-1.67,-7.4,40.96,43.05,40.99
197,20,20,0,0,67.98,3.85,-8.26,37.76,37.94,36.97
198,20,40,0,0,62,13.23,-9.33,32.91,30.4,30.67
199,20,70,0,0,55.58,23.86,-9.53,28.33,23.49,24.22
200,20,100,0,0,50.86,32.42,-8.4,25.42,19.14,19.5
201,40,0,0,0,69.7,-12.65,-13.82,35.02,40.32,43.5
202,40,10,0,0,66.35,-7.46,-14.29,32.37,35.78,39.35
203,40,20,0,0,63.1,-2.34,-14.74,29.95,31.71,35.59
204,40,40,0,0,57.69,6.23,-15.22,26.2,25.64,29.7
205,40,70,0,0,51.98,15.92,-14.89,22.75,20.13,23.77
206,40,100,0,0,47.79,23.62,-13.65,20.53,16.63,19.48
207,70,0,0,0,63.58,-18.02,-21.59,26.48,32.29,41.29
208,70,10,0,0,60.73,-13.3,-21.51,24.68,28.95,37.52
209,70,20,0,0,57.87,-8.61,-21.47,22.94,25.83,33.99
210,70,40,0,0,53.23,-0.84,-21.13,20.33,21.26,28.6
211,70,70,0,0,48.29,7.72,-20.24,17.82,17.02,23.22
212,70,100,0,0,44.76,14.3,-18.83,16.25,14.37,19.47
213,100,0,0,0,58.39,-21.98,-27.85,20.55,26.38,39.23
214,100,10,0,0,55.95,-17.48,-27.25,19.34,23.87,35.72
215,100,20,0,0,53.59,-13.11,-26.63,18.21,21.59,32.49
216,100,40,0,0,49.69,-5.89,-25.51,16.44,18.16,27.55
217,100,70,0,0,45.55,1.58,-23.95,14.66,14.94,22.69
218,100,100,0,0,42.63,6.71,-22.43,13.47,12.91,19.43
219,0,0,10,0,81.87,-0.97,10.92,57.52,60.06,40.54
220,0,10,10,0,77.75,5.32,8.88,52.94,52.8,36.76
221,0,20,10,0,73.71,11.35,7.09,48.64,46.25,33.14
222,0,40,10,0,67.07,21.81,4.29,42.28,36.72,27.65
223,0,70,10,0,59.91,33.68,2.25,36.25,28.02,21.95
224,0,100,10,0,54.56,43.38,2.29,32.37,22.5,17.53
225,10,0,10,0,78.24,-4.81,5.88,49.88,53.62,39.6
226,10,10,10,0,74.4,1.13,4.17,46.03,47.32,35.98
227,10,20,10,0,70.55,6.97,2.62,42.33,41.53,32.49
228,10,40,10,0,64.28,16.92,0.2,36.88,33.14,27.22
229,10,70,10,0,57.54,28.22,-1.47,31.73,25.48,21.76
230,10,100,10,0,52.5,37.45,-1.37,28.41,20.6,17.59
231,20,0,10,0,74.71,-8.42,1.11,43.19,47.82,38.62
232,20,10,10,0,71.05,-2.71,-0.4,39.87,42.26,35.14
233,20,20,10,0,67.5,2.87,-1.62,36.83,37.3,31.81
234,20,40,10,0,61.57,12.35,-3.67,32.14,29.9,26.75
235,20,70,10,0,55.25,23.07,-5,27.77,23.17,21.55
236,20,100,10,0,50.58,31.75,-4.79,24.97,18.91,17.63
237,40,0,10,0,69.1,-14.08,-6.49,33.85,39.48,37.08
238,40,10,10,0,65.81,-8.78,-7.56,31.36,35.08,33.85
239,40,20,10,0,62.63,-3.66,-8.41,29.07,31.15,30.78
240,40,40,10,0,57.32,5.08,-9.73,25.54,25.25,26.02
241,40,70,10,0,51.68,14.92,-10.55,22.24,19.86,21.24
242,40,100,10,0,47.55,22.72,-10.11,20.13,16.44,17.67
243,70,0,10,0,62.96,-19.82,-14.51,25.4,31.54,35.25
244,70,10,10,0,60.18,-14.95,-15.03,23.75,28.33,32.35
245,70,20,10,0,57.4,-10.23,-15.39,22.14,25.34,29.49
246,70,40,10,0,52.83,-2.24,-15.91,19.69,20.89,25.14
247,70,70,10,0,48.01,6.54,-16.02,17.38,16.8,20.82
248,70,100,10,0,44.53,13.25,-15.33,15.9,14.21,17.68
249,100,0,10,0,57.71,-24.05,-20.98,19.54,25.66,33.47
250,100,10,10,0,55.36,-19.42,-20.94,18.45,23.28,30.77
251,100,20,10,0,53.05,-14.97,-20.74,17.42,21.1,28.17
252,100,40,10,0,49.25,-7.62,-20.45,15.8,17.8,24.23
253,100,70,10,0,45.24,0.25,-19.86,14.23,14.72,20.36
254,100,100,10,0,42.38,5.67,-18.82,13.14,12.75,17.59
255,0,0,20,0,81.23,-1.69,18.58,56.1,58.89,34.15
256,0,10,20,0,77.16,4.65,16.14,51.7,51.8,31.1
257,0,20,20,0,73.2,10.81,13.75,47.64,45.47,28.32
258,0,40,20,0,66.61,21.32,10.06,41.46,36.12,23.91
259,0,70,20,0,59.48,33.23,6.95,35.57,27.55,19.28
260,0,100,20,0,54.18,42.94,5.87,31.8,22.15,15.74
261,10,0,20,0,77.62,-5.66,13.41,48.58,52.56,33.43
262,10,10,20,0,73.82,0.37,11.28,44.89,46.42,30.52
263,10,20,20,0,70.04,6.27,9.11,41.38,40.81,27.83
264,10,40,20,0,63.85,16.29,5.84,36.12,32.61,23.62
265,10,70,20,0,57.16,27.67,3.11,31.13,25.09,19.2
266,10,100,20,0,52.17,36.89,2.18,27.9,20.29,15.83
267,20,0,20,0,74.14,-9.39,8.49,42.04,46.92,32.7
268,20,10,20,0,70.52,-3.64,6.51,38.84,41.49,29.94
269,20,20,20,0,67.02,1.94,4.7,35.93,36.66,27.36
270,20,40,20,0,61.17,11.55,1.83,31.45,29.44,23.3
271,20,70,20,0,54.91,22.36,-0.54,27.22,22.85,19.09
272,20,100,20,0,50.26,31.12,-1.3,24.51,18.64,15.91
273,40,0,20,0,68.54,-15.33,0.56,32.81,38.71,31.57
274,40,10,20,0,65.29,-9.96,-0.92,30.43,34.41,28.95
275,40,20,20,0,62.16,-4.79,-2.28,28.26,30.59,26.54
276,40,40,20,0,56.94,4.08,-4.42,24.91,24.86,22.74
277,40,70,20,0,51.35,13.94,-6.21,21.73,19.58,18.88
278,40,100,20,0,47.31,21.88,-6.73,19.76,16.26,16.05
279,70,0,20,0,62.37,-21.37,-7.73,24.44,30.83,30.06
280,70,10,20,0,59.64,-16.45,-8.62,22.89,27.72,27.71
281,70,20,20,0,56.94,-11.62,-9.47,21.41,24.86,25.5
282,70,40,20,0,52.46,-3.53,-10.86,19.11,20.55,22.08
283,70,70,20,0,47.72,5.36,-11.81,16.93,16.57,18.57
284,70,100,20,0,44.3,12.28,-11.92,15.56,14.05,16.05
285,100,0,20,0,57.06,-25.95,-14.34,18.61,24.98,28.48
286,100,10,20,0,54.75,-21.26,-14.72,17.62,22.69,26.35
287,100,20,20,0,52.53,-16.71,-15.07,16.69,20.62,24.38
288,100,40,20,0,48.86,-9.18,-15.6,15.25,17.48,21.34
289,100,70,20,0,44.92,-1.08,-15.81,13.79,14.48,18.19
290,100,100,20,0,42.14,4.72,-15.38,12.84,12.59,15.93
291,0,0,40,0,80.34,-2.58,31.48,54.2,57.28,25.16
292,0,10,40,0,76.32,3.82,28.08,50.01,50.41,23.23
293,0,20,40,0,72.41,10.04,24.82,46.15,44.27,21.43
294,0,40,40,0,65.88,20.62,19.55,40.2,35.17,18.55
295,0,70,40,0,58.84,32.57,14.54,34.55,26.86,15.47
296,0,100,40,0,53.61,42.3,11.79,30.95,21.61,13.07
297,10,0,40,0,76.7,-6.82,25.92,46.73,51.03,24.76
298,10,10,40,0,72.98,-0.75,22.88,43.27,45.14,22.93
299,10,20,40,0,69.24,5.24,19.84,39.93,39.68,21.19
300,10,40,40,0,63.13,15.34,15.08,34.93,31.75,18.43
301,10,70,40,0,56.54,26.78,10.53,30.17,24.45,15.49
302,10,100,40,0,51.65,36.02,7.98,27.12,19.84,13.23
303,20,0,40,0,73.2,-10.86,20.58,40.23,45.47,24.37
304,20,10,40,0,69.68,-5.03,17.8,37.28,40.29,22.61
305,20,20,40,0,66.23,0.67,15.14,34.54,35.62,20.94
306,20,40,40,0,60.47,10.36,10.81,30.31,28.65,18.28
307,20,70,40,0,54.33,21.27,6.72,26.33,22.28,15.49
308,20,100,40,0,49.81,30.03,4.42,23.81,18.26,13.37
309,40,0,40,0,67.58,-17.17,12.11,31.16,37.41,23.72
310,40,10,40,0,64.43,-11.78,9.87,28.97,33.33,22.03
311,40,20,40,0,61.36,-6.47,7.68,26.96,29.66,20.48
312,40,40,40,0,56.28,2.5,4.18,23.89,24.19,18.01
313,40,70,40,0,50.86,12.57,0.81,20.98,19.14,15.46
314,40,100,40,0,46.88,20.5,-1.18,19.12,15.93,13.58
315,70,0,40,0,61.36,-23.74,3.28,22.91,29.66,22.7
316,70,10,40,0,58.72,-18.72,1.62,21.53,26.73,21.23
317,70,20,40,0,56.09,-13.82,-0.04,20.19,24.01,19.82
318,70,40,40,0,51.8,-5.53,-2.64,18.18,19.97,17.61
319,70,70,40,0,47.22,3.61,-5.11,16.24,16.19,15.32
320,70,100,40,0,43.9,10.76,-6.44,15.01,13.77,13.62
321,100,0,40,0,55.99,-28.84,-3.7,17.2,23.9,21.53
322,100,10,40,0,53.8,-24.1,-4.88,16.35,21.79,20.25
323,100,20,40,0,51.68,-19.36,-5.99,15.58,19.86,19.03
324,100,40,40,0,48.18,-11.58,-7.81,14.36,16.94,17.14
325,100,70,40,0,44.41,-3.1,-9.32,13.14,14.13,15.07
326,100,100,40,0,41.7,3.14,-9.93,12.32,12.3,13.5
327,0,0,70,0,79.44,-2.91,46.28,52.56,55.69,17.06
328,0,10,70,0,75.45,3.46,41.73,48.49,48.99,16.07
329,0,20,70,0,71.57,9.67,37.37,44.75,43.02,15.12
330,0,40,70,0,65.09,20.22,30.19,38.99,34.16,13.58
331,0,70,70,0,58.13,32.08,22.88,33.52,26.09,11.91
332,0,100,70,0,52.96,41.7,18.3,30.03,21.01,10.5
333,10,0,70,0,75.74,-7.47,40.1,45.04,49.46,16.97
334,10,10,70,0,72.05,-1.4,35.94,41.7,43.73,16.04
335,10,20,70,0,68.39,4.58,31.94,38.55,38.5,15.1
336,10,40,70,0,62.33,14.69,25.37,33.74,30.79,13.61
337,10,70,70,0,55.87,26.07,18.72,29.22,23.78,12
338,10,100,70,0,51.03,35.25,14.37,26.28,19.3,10.69
339,20,0,70,0,72.15,-11.72,34.17,38.51,43.88,16.86
340,20,10,70,0,68.7,-5.91,30.39,35.74,38.93,15.95
341,20,20,70,0,65.32,-0.22,26.76,33.15,34.45,15.05
342,20,40,70,0,59.68,9.47,20.78,29.17,27.77,13.61
343,20,70,70,0,53.66,20.37,14.71,25.43,21.66,12.07
344,20,100,70,0,49.2,29.09,10.61,23.01,17.76,10.88
345,40,0,70,0,66.4,-18.56,24.8,29.43,35.85,16.63
346,40,10,70,0,63.39,-13.12,21.63,27.49,32.05,15.78
347,40,20,70,0,60.42,-7.81,18.58,25.65,28.59,14.95
348,40,40,70,0,55.47,1.25,13.59,22.83,23.39,13.59
349,40,70,70,0,50.19,11.31,8.39,20.12,18.57,12.18
350,40,100,70,0,46.35,19.31,4.93,18.44,15.53,11.13
351,70,0,70,0,60.14,-25.66,15,21.36,28.28,16.21
352,70,10,70,0,57.63,-20.64,12.48,20.16,25.58,15.47
353,70,20,70,0,55.11,-15.63,10.04,18.99,23.04,14.71
354,70,40,70,0,50.99,-7.27,6.04,17.2,19.26,13.52
355,70,70,70,0,46.61,1.98,2.03,15.5,15.73,12.25
356,70,100,70,0,43.36,9.22,-0.57,14.37,13.4,11.24
357,100,0,70,0,54.8,-31.17,7.33,15.86,22.73,15.57
358,100,10,70,0,52.74,-26.4,5.28,15.16,20.81,14.97
359,100,20,70,0,50.73,-21.7,3.39,14.5,19.03,14.35
360,100,40,70,0,47.38,-13.76,0.32,13.47,16.31,13.33
361,100,70,70,0,43.77,-5.26,-2.68,12.4,13.68,12.19
362,100,100,70,0,41.07,1.27,-4.28,11.66,11.91,11.16
363,0,0,100,0,78.82,-2.32,59.54,51.78,54.62,11.58
364,0,10,100,0,74.83,3.91,53.91,47.69,48.01,11.17
365,0,20,100,0,70.96,10.04,48.38,43.98,42.13,10.8
366,0,40,100,0,64.45,20.38,39.34,38.17,33.36,10.11
367,0,70,100,0,57.51,31.97,30,32.74,25.45,9.34
368,0,100,100,0,52.42,41.31,23.69,29.32,20.52,8.64
369,10,0,100,0,74.97,-7.02,52.57,44.05,48.23,11.69
370,10,10,100,0,71.31,-1.09,47.54,40.76,42.64,11.27
371,10,20,100,0,67.67,4.81,42.45,37.65,37.53,10.88
372,10,40,100,0,61.66,14.71,34.15,32.92,30.01,10.23
373,10,70,100,0,55.26,25.87,25.65,28.48,23.18,9.47
374,10,100,100,0,50.5,34.82,19.73,25.62,18.84,8.82
375,20,0,100,0,71.24,-11.5,45.86,37.36,42.53,11.78
376,20,10,100,0,67.82,-5.77,41.25,34.66,37.73,11.36
377,20,20,100,0,64.51,-0.2,36.67,32.19,33.44,10.99
378,20,40,100,0,58.97,9.3,29.2,28.35,27,10.33
379,20,70,100,0,53.05,20.01,21.4,24.72,21.09,9.6
380,20,100,100,0,48.68,28.61,15.9,22.4,17.33,9.01
381,40,0,100,0,65.34,-18.63,35.25,28.22,34.48,11.93
382,40,10,100,0,62.35,-13.31,31.34,26.33,30.81,11.51
383,40,20,100,0,59.48,-8.14,27.56,24.62,27.55,11.13
384,40,40,100,0,54.68,0.81,21.34,21.99,22.62,10.47
385,40,70,100,0,49.56,10.76,14.72,19.47,18.05,9.8
386,40,100,100,0,45.81,18.69,10,17.88,15.13,9.29
387,70,0,100,0,59.01,-26.11,24.15,20.25,27.04,12
388,70,10,100,0,56.59,-21.19,21.06,19.14,24.5,11.63
389,70,20,100,0,54.17,-16.26,17.98,18.08,22.14,11.27
390,70,40,100,0,50.23,-8.12,13.02,16.46,18.61,10.68
391,70,70,100,0,45.96,1.01,7.79,14.86,15.24,10.02
392,70,100,100,0,42.81,8.15,4.07,13.81,13.03,9.5
393,100,0,100,0,53.77,-31.96,15.46,14.98,21.76,11.88
394,100,10,100,0,51.82,-27.2,12.89,14.38,19.99,11.61
395,100,20,100,0,49.92,-22.6,10.36,13.8,18.35,11.37
396,100,40,100,0,46.7,-15.02,6.33,12.82,15.79,10.87
397,100,70,100,0,43.15,-6.59,2.34,11.82,13.26,10.2
398,100,100,100,0,40.48,-0.45,-0.09,11.07,11.55,9.55
399,0,0,0,20,70.62,0.14,3.21,40.19,41.64,32.18
400,0,10,0,20,67.38,4.87,2.08,37.28,37.14,29.32
401,0,20,0,20,64.26,9.51,1.08,34.65,33.13,26.69
402,0,40,0,20,59.21,17.61,-0.33,30.8,27.26,22.65
403,0,70,0,20,53.37,26.55,-1.13,26.62,21.39,18.14
404,0,100,0,20,48.93,33.98,-0.48,23.85,17.54,14.65
405,10,0,0,20,67.68,-2.77,-0.54,35.37,37.54,31.32
406,10,10,0,20,64.71,1.84,-1.36,32.99,33.68,28.6
407,10,20,0,20,61.76,6.34,-2.22,30.72,30.12,26.1
408,10,40,0,20,56.92,14.06,-3.36,27.31,24.84,22.17
409,10,70,0,20,51.54,22.56,-3.91,23.8,19.73,17.98
410,10,100,0,20,47.44,29.59,-3.26,21.46,16.35,14.73
411,20,0,0,20,64.93,-5.46,-4.05,31.22,33.95,30.52
412,20,10,0,20,62.1,-1,-4.71,29.16,30.52,27.91
413,20,20,0,20,59.34,3.34,-5.38,27.23,27.39,25.52
414,20,40,0,20,54.76,10.7,-6.23,24.27,22.7,21.74
415,20,70,0,20,49.76,18.82,-6.58,21.3,18.22,17.8
416,20,100,0,20,46.03,25.39,-5.89,19.35,15.29,14.81
417,40,0,0,20,60.57,-9.62,-9.65,25.38,28.76,29.32
418,40,10,0,20,57.99,-5.51,-10.04,23.74,25.95,26.87
419,40,20,0,20,55.49,-1.46,-10.41,22.25,23.41,24.62
420,40,40,0,20,51.34,5.29,-10.85,19.91,19.56,21.1
421,40,70,0,20,46.99,12.78,-10.79,17.72,16.01,17.55
422,40,100,0,20,43.8,18.73,-9.98,16.3,13.7,14.91
423,70,0,0,20,55.63,-13.97,-15.77,19.76,23.55,27.86
424,70,10,0,20,53.48,-10.23,-15.79,18.67,21.49,25.7
425,70,20,0,20,51.32,-6.53,-15.83,17.6,19.55,23.66
426,70,40,0,20,47.83,-0.4,-15.69,15.99,16.66,20.5
427,70,70,0,20,44.08,6.3,-15.12,14.4,13.9,17.25
428,70,100,0,20,41.41,11.45,-14.13,13.39,12.12,14.92
429,100,0,0,20,51.42,-17.31,-20.69,15.75,19.63,26.48
430,100,10,0,20,49.64,-13.72,-20.36,15.05,18.12,24.55
431,100,20,0,20,47.92,-10.25,-19.99,14.4,16.73,22.76
432,100,40,0,20,45.05,-4.52,-19.29,13.34,14.58,19.92
433,100,70,0,20,41.93,1.44,-18.15,12.22,12.46,16.96
434,100,100,0,20,39.72,5.5,-17.04,11.44,11.09,14.92
435,0,0,10,20,70.08,-0.52,9.27,39.23,40.86,27.78
436,0,10,10,20,66.91,4.34,7.74,36.5,36.52,25.49
437,0,20,10,20,63.82,9.01,6.39,33.94,32.58,23.3
438,0,40,10,20,58.74,17.12,4.26,30.13,26.75,19.95
439,0,70,10,20,53.06,26.18,2.52,26.2,21.1,16.33
440,0,100,10,20,48.73,33.66,2.38,23.58,17.37,13.43
441,10,0,10,20,67.21,-3.48,5.44,34.57,36.91,27.11
442,10,10,10,20,64.26,1.13,4.15,32.25,33.12,24.94
443,10,20,10,20,61.32,5.68,2.97,30.04,29.61,22.83
444,10,40,10,20,56.52,13.42,1.1,26.73,24.44,19.63
445,10,70,10,20,51.24,22.05,-0.35,23.4,19.47,16.21
446,10,100,10,20,47.23,29.15,-0.43,21.18,16.19,13.52
447,20,0,10,20,64.45,-6.27,1.83,30.45,33.36,26.45
448,20,10,10,20,61.64,-1.8,0.67,28.44,29.98,24.36
449,20,20,10,20,58.91,2.56,-0.27,26.59,26.94,22.36
450,20,40,10,20,54.37,9.96,-1.88,23.71,22.32,19.28
451,20,70,10,20,49.47,18.17,-3.07,20.91,17.98,16.08
452,20,100,10,20,45.82,24.84,-3.06,19.07,15.14,13.59
453,40,0,10,20,60.06,-10.69,-3.99,24.61,28.19,25.45
454,40,10,10,20,57.53,-6.51,-4.85,23.08,25.47,23.52
455,40,20,10,20,55.09,-2.48,-5.54,21.66,23.02,21.68
456,40,40,10,20,51.01,4.38,-6.62,19.45,19.28,18.8
457,40,70,10,20,46.72,11.96,-7.4,17.35,15.81,15.9
458,40,100,10,20,43.57,18,-7.17,16,13.54,13.68
459,70,0,10,20,55.21,-15.31,-10.33,19.13,23.13,24.32
460,70,10,10,20,53.1,-11.46,-10.8,18.12,21.14,22.62
461,70,20,10,20,50.98,-7.74,-11.15,17.11,19.25,20.94
462,70,40,10,20,47.52,-1.47,-11.66,15.58,16.42,18.35
463,70,70,10,20,43.86,5.36,-11.86,14.09,13.74,15.71
464,70,100,10,20,41.21,10.56,-11.41,13.12,12,13.74
465,100,0,10,20,51.04,-18.81,-15.43,15.21,19.3,23.18
466,100,10,10,20,49.28,-15.14,-15.51,14.56,17.82,21.66
467,100,20,10,20,47.58,-11.62,-15.45,13.94,16.46,20.17
468,100,40,10,20,44.73,-5.81,-15.37,12.94,14.35,17.85
469,100,70,10,20,41.69,0.38,-15.01,11.92,12.3,15.47
470,100,100,10,20,39.52,4.61,-14.28,11.2,10.97,13.73
471,0,0,20,20,69.61,-1.06,15.17,38.42,40.2,23.95
472,0,10,20,20,66.45,3.81,13.34,35.75,35.9,22.04
473,0,20,20,20,63.38,8.55,11.55,33.27,32.04,20.29
474,0,40,20,20,58.29,16.66,8.74,29.49,26.27,17.53
475,0,70,20,20,52.72,25.79,6.15,25.76,20.8,14.62
476,0,100,20,20,48.53,33.3,5.14,23.3,17.21,12.32
477,10,0,20,20,66.73,-4.14,11.25,33.78,36.28,23.39
478,10,10,20,20,63.79,0.52,9.64,31.53,32.55,21.59
479,10,20,20,20,60.88,5.09,7.99,29.38,29.11,19.93
480,10,40,20,20,56.11,12.85,5.48,26.15,24.02,17.31
481,10,70,20,20,50.92,21.58,3.21,22.99,19.2,14.56
482,10,100,20,20,47.02,28.7,2.33,20.89,16.03,12.39
483,20,0,20,20,63.98,-7.02,7.53,29.71,32.78,22.85
484,20,10,20,20,61.19,-2.55,6,27.76,29.46,21.16
485,20,20,20,20,58.5,1.79,4.62,25.97,26.49,19.58
486,20,40,20,20,54,9.27,2.38,23.2,21.97,17.07
487,20,70,20,20,49.18,17.57,0.41,20.52,17.74,14.47
488,20,100,20,20,45.58,24.32,-0.32,18.77,14.96,12.45
489,40,0,20,20,59.59,-11.66,1.47,23.92,27.67,22.06
490,40,10,20,20,57.08,-7.44,0.29,22.44,25.01,20.49
491,40,20,20,20,54.68,-3.38,-0.79,21.1,22.62,19.03
492,40,40,20,20,50.68,3.55,-2.51,19,18.99,16.71
493,40,70,20,20,46.43,11.16,-4.01,16.97,15.59,14.35
494,40,100,20,20,43.34,17.31,-4.48,15.71,13.39,12.56
495,70,0,20,20,54.79,-16.5,-5.09,18.55,22.72,21.19
496,70,10,20,20,52.7,-12.62,-5.84,17.58,20.78,19.8
497,70,20,20,20,50.64,-8.83,-6.55,16.65,18.96,18.47
498,70,40,20,20,47.22,-2.49,-7.74,15.19,16.19,16.41
499,70,70,20,20,43.61,4.39,-8.58,13.77,13.57,14.24
500,70,100,20,20,41.01,9.73,-8.74,12.86,11.87,12.64
501,100,0,20,20,50.65,-20.25,-10.32,14.69,18.97,20.25
502,100,10,20,20,48.91,-16.53,-10.7,14.07,17.52,19.01
503,100,20,20,20,47.23,-12.93,-11.05,13.5,16.2,17.85
504,100,40,20,20,44.45,-7,-11.6,12.58,14.15,16.02
505,100,70,20,20,41.44,-0.7,-11.87,11.61,12.14,14.07
506,100,100,20,20,39.32,3.78,-11.63,10.96,10.84,12.63
507,0,0,40,20,68.89,-1.8,25.03,37.23,39.19,18.42
508,0,10,40,20,65.74,3.1,22.5,34.64,35,17.13
509,0,20,40,20,62.69,7.87,20.07,32.24,31.21,15.93
510,0,40,40,20,57.59,15.99,16.1,28.54,25.54,14.02
511,0,70,40,20,52.22,25.18,12.06,25.09,20.34,12.13
512,0,100,40,20,48.21,32.75,9.72,22.88,16.96,10.62
513,10,0,40,20,66.01,-5.1,20.86,32.61,35.33,18.05
514,10,10,40,20,63.11,-0.42,18.57,30.47,31.72,16.87
515,10,20,40,20,60.2,4.19,16.27,28.39,28.34,15.72
516,10,40,40,20,55.45,11.98,12.64,25.26,23.37,13.93
517,10,70,40,20,50.42,20.78,9,22.33,18.77,12.11
518,10,100,40,20,46.68,27.95,6.87,20.44,15.78,10.69
519,20,0,40,20,63.23,-8.23,16.86,28.56,31.87,17.7
520,20,10,40,20,60.5,-3.72,14.72,26.73,28.68,16.58
521,20,20,40,20,57.82,0.69,12.68,25.01,25.78,15.52
522,20,40,40,20,53.37,8.2,9.34,22.37,21.39,13.82
523,20,70,40,20,48.69,16.6,6.09,19.89,17.34,12.09
524,20,100,40,20,45.25,23.39,4.21,18.31,14.72,10.75
525,40,0,40,20,58.8,-13.17,10.46,22.82,26.82,17.16
526,40,10,40,20,56.38,-8.96,8.68,21.46,24.29,16.14
527,40,20,40,20,54.02,-4.8,6.94,20.21,21.99,15.19
528,40,40,40,20,50.12,2.19,4.16,18.27,18.52,13.66
529,40,70,40,20,45.99,9.97,1.51,16.42,15.26,12.06
530,40,100,40,20,42.96,16.13,-0.07,15.23,13.13,10.85
531,70,0,40,20,54.07,-18.43,3.48,17.59,22.04,16.65
532,70,10,40,20,52.04,-14.48,2.13,16.72,20.18,15.75
533,70,20,40,20,50.02,-10.62,0.8,15.86,18.43,14.89
534,70,40,40,20,46.71,-4.13,-1.32,14.55,15.8,13.52
535,70,70,40,20,43.21,2.91,-3.34,13.27,13.3,12.08
536,70,100,40,20,40.68,8.42,-4.42,12.45,11.67,10.99
537,100,0,40,20,50.01,-22.54,-2.04,13.87,18.43,16.03
538,100,10,40,20,48.31,-18.78,-3.03,13.31,17.04,15.24
539,100,20,40,20,46.67,-15.03,-3.96,12.8,15.77,14.49
540,100,40,40,20,43.96,-8.91,-5.49,11.99,13.81,13.31
541,100,70,40,20,41.07,-2.37,-6.79,11.15,11.91,12
542,100,100,40,20,38.98,2.44,-7.34,10.59,10.65,10.98
543,0,0,70,20,67.97,-2.24,36.15,35.9,37.93,13.21
544,0,10,70,20,64.91,2.68,32.76,33.48,33.94,12.54
545,0,20,70,20,61.94,7.47,29.51,31.23,30.33,11.89
546,0,40,70,20,56.97,15.61,24.12,27.75,24.89,10.84
547,0,70,70,20,51.65,24.67,18.41,24.4,19.84,9.77
548,0,100,70,20,47.69,32.11,14.77,22.24,16.55,8.85
549,10,0,70,20,65.18,-5.78,31.56,31.44,34.28,13.14
550,10,10,70,20,62.34,-1.08,28.42,29.42,30.8,12.51
551,10,20,70,20,59.52,3.54,25.39,27.49,27.6,11.87
552,10,40,70,20,54.86,11.37,20.4,24.52,22.79,10.87
553,10,70,70,20,49.92,20.07,15.23,21.71,18.35,9.83
554,10,100,70,20,46.22,27.14,11.8,19.87,15.43,8.97
555,20,0,70,20,62.47,-9.08,27.17,27.51,30.96,13.04
556,20,10,70,20,59.8,-4.57,24.26,25.79,27.91,12.43
557,20,20,70,20,57.18,-0.14,21.46,24.17,25.1,11.84
558,20,40,70,20,52.81,7.38,16.86,21.67,20.87,10.87
559,20,70,70,20,48.22,15.72,12.17,19.31,16.97,9.87
560,20,100,70,20,44.82,22.43,8.97,17.78,14.41,9.09
561,40,0,70,20,58.13,-14.4,20.16,21.91,26.1,12.86
562,40,10,70,20,55.77,-10.14,17.66,20.66,23.68,12.31
563,40,20,70,20,53.44,-5.99,15.24,19.47,21.46,11.76
564,40,40,70,20,49.59,1.09,11.3,17.63,18.08,10.87
565,40,70,70,20,45.55,8.8,7.3,15.89,14.94,9.95
566,40,100,70,20,42.62,14.96,4.63,14.79,12.9,9.25
567,70,0,70,20,53.32,-20.04,12.51,16.71,21.34,12.64
568,70,10,70,20,51.36,-16.08,10.52,15.92,19.58,12.15
569,70,20,70,20,49.4,-12.14,8.59,15.14,17.92,11.65
570,70,40,70,20,46.19,-5.59,5.44,13.95,15.41,10.87
571,70,70,70,20,42.82,1.54,2.28,12.8,13.04,10.05
572,70,100,70,20,40.32,7.12,0.25,12.04,11.45,9.37
573,100,0,70,20,49.24,-24.44,6.53,13.06,17.79,12.27
574,100,10,70,20,47.63,-20.65,4.9,12.58,16.5,11.87
575,100,20,70,20,46.06,-16.93,3.41,12.13,15.31,11.46
576,100,40,70,20,43.44,-10.68,0.97,11.42,13.45,10.79
577,100,70,70,20,40.63,-4.09,-1.45,10.67,11.64,10.03
578,100,100,70,20,38.53,0.97,-2.72,10.14,10.39,9.34
579,0,0,100,20,67.25,-2,46.17,35.05,36.96,9.52
580,0,10,100,20,64.26,2.84,41.97,32.72,33.12,9.24
581,0,20,100,20,61.36,7.61,37.84,30.6,29.66,8.99
582,0,40,100,20,56.45,15.65,31.07,27.2,24.37,8.52
583,0,70,100,20,51.16,24.45,23.88,23.86,19.4,8.01
584,0,100,100,20,47.25,31.65,19,21.73,16.21,7.53
585,10,0,100,20,64.48,-5.67,41.03,30.64,33.39,9.62
586,10,10,100,20,61.69,-1.05,37.22,28.7,30.04,9.33
587,10,20,100,20,58.93,3.54,33.38,26.85,26.95,9.07
588,10,40,100,20,54.34,11.26,27.07,23.99,22.3,8.62
589,10,70,100,20,49.45,19.74,20.55,21.22,17.96,8.11
590,10,100,100,20,45.81,26.62,15.99,19.41,15.13,7.66
591,20,0,100,20,61.79,-9.15,36.09,26.77,30.16,9.72
592,20,10,100,20,59.15,-4.67,32.54,25.1,27.19,9.42
593,20,20,100,20,56.6,-0.32,29.02,23.56,24.51,9.17
594,20,40,100,20,52.31,7.09,23.26,21.15,20.42,8.71
595,20,70,100,20,47.78,15.25,17.29,18.85,16.62,8.21
596,20,100,100,20,44.44,21.84,13.07,17.36,14.14,7.8
597,40,0,100,20,57.49,-14.68,28.21,21.27,25.43,9.85
598,40,10,100,20,55.12,-10.49,25.11,20.02,23.05,9.56
599,40,20,100,20,52.85,-6.44,22.13,18.88,20.91,9.29
600,40,40,100,20,49.06,0.56,17.23,17.12,17.64,8.82
601,40,70,100,20,45.14,8.16,12.17,15.47,14.64,8.36
602,40,100,100,20,42.26,14.25,8.57,14.41,12.67,8
603,70,0,100,20,52.59,-20.58,19.62,16.06,20.68,9.9
604,70,10,100,20,50.68,-16.69,17.19,15.31,19,9.64
605,70,20,100,20,48.78,-12.8,14.78,14.59,17.41,9.38
606,70,40,100,20,45.68,-6.4,10.91,13.48,15.04,8.96
607,70,70,100,20,42.38,0.65,6.86,12.38,12.74,8.51
608,70,100,100,20,39.94,6.17,3.99,11.66,11.21,8.15
609,100,0,100,20,48.57,-25.2,12.91,12.51,17.24,9.83
610,100,10,100,20,47.02,-21.42,10.9,12.09,16.04,9.63
611,100,20,100,20,45.52,-17.76,8.94,11.68,14.92,9.45
612,100,40,100,20,42.98,-11.77,5.79,11,13.15,9.1
613,100,70,100,20,40.2,-5.18,2.63,10.27,11.37,8.63
614,100,100,100,20,38.11,-0.38,0.75,9.74,10.15,8.17
615,0,0,0,40,60.46,0.43,3.46,27.73,28.64,21.82
616,0,20,0,40,55.75,7.53,1.85,24.52,23.66,18.66
617,0,40,0,40,51.99,13.7,0.75,22.26,20.13,16.29
618,0,70,0,40,47.5,20.43,0.03,19.63,16.4,13.52
619,0,100,0,40,44.01,26.08,0.44,17.81,13.85,11.28
620,20,0,0,40,56.13,-3.85,-2.04,22.33,24.04,20.83
621,20,20,0,40,51.99,2.94,-3.06,20,20.13,17.94
622,20,40,0,40,48.59,8.64,-3.73,18.24,17.26,15.72
623,20,70,0,40,44.86,14.74,-4.14,16.4,14.44,13.38
624,20,100,0,40,42.03,19.71,-3.73,15.16,12.52,11.53
625,40,0,0,40,52.8,-7.08,-6.33,18.71,20.87,20.12
626,40,20,0,40,49.04,-0.71,-6.95,16.87,17.63,17.42
627,40,40,0,40,45.97,4.56,-7.34,15.47,15.25,15.35
628,40,70,0,40,42.81,10.22,-7.43,14.14,13.03,13.29
629,40,100,0,40,40.47,14.74,-6.92,13.27,11.53,11.69
630,70,0,0,40,48.99,-10.52,-11.05,15.12,17.59,19.24
631,70,20,0,40,45.86,-4.73,-11.26,13.86,15.16,16.9
632,70,40,0,40,43.31,0.05,-11.28,12.9,13.37,15.09
633,70,70,0,40,40.59,5.24,-10.94,11.93,11.61,13.17
634,70,100,0,40,38.64,9.22,-10.25,11.3,10.45,11.75
635,100,0,0,40,45.7,-13.25,-14.86,12.44,15.05,18.37
636,100,20,0,40,43.23,-7.76,-14.61,11.7,13.31,16.4
637,100,40,0,40,41.19,-3.26,-14.25,11.1,11.98,14.82
638,100,70,0,40,38.93,1.46,-13.43,10.43,10.62,13.04
639,100,100,0,40,37.32,4.65,-12.63,9.94,9.71,11.79
640,0,0,20,40,59.76,-0.54,12.44,26.73,27.86,17.02
641,0,20,20,40,55.09,6.74,9.77,23.69,23.01,14.79
642,0,40,20,40,51.26,12.91,7.68,21.42,19.49,13.09
643,0,70,20,40,47.07,19.81,5.59,19.14,16.07,11.32
644,0,100,20,40,43.87,25.55,4.69,17.59,13.75,9.86
645,20,0,20,40,55.45,-5.09,6.74,21.43,23.37,16.28
646,20,20,20,40,51.35,1.68,4.54,19.2,19.57,14.33
647,20,40,20,40,47.99,7.45,2.82,17.53,16.79,12.81
648,20,70,20,40,44.42,13.71,1.24,15.89,14.13,11.25
649,20,100,20,40,41.73,18.86,0.59,14.8,12.33,9.99
650,40,0,20,40,52.09,-8.67,2.16,17.82,20.22,15.78
651,40,20,20,40,48.44,-2.25,0.39,16.13,17.15,14
652,40,40,20,40,45.46,3.14,-0.97,14.86,14.88,12.61
653,40,70,20,40,42.34,8.9,-2.19,13.62,12.72,11.2
654,40,100,20,40,40.07,13.59,-2.6,12.83,11.29,10.09
655,70,0,20,40,48.5,-12.48,-2.93,14.44,17.19,15.33
656,70,20,20,40,45.42,-6.53,-4.17,13.28,14.85,13.75
657,70,40,20,40,42.89,-1.61,-5.18,12.38,13.08,12.53
658,70,70,20,40,40.22,3.64,-5.92,11.48,11.39,11.22
659,70,100,20,40,38.3,7.73,-6.1,10.9,10.26,10.22
660,100,0,20,40,45.38,-15.5,-7.02,11.92,14.81,14.82
661,100,20,20,40,42.86,-9.81,-7.77,11.19,13.06,13.45
662,100,40,20,40,40.8,-5.2,-8.32,10.62,11.74,12.37
663,100,70,20,40,38.58,-0.35,-8.64,10,10.41,11.18
664,100,100,20,40,36.99,3.08,-8.54,9.57,9.53,10.28
665,0,0,40,40,59.23,-1.2,19.78,26.01,27.28,13.7
666,0,20,40,40,54.57,6.14,16.16,23.05,22.52,12.11
667,0,40,40,40,50.73,12.34,13.23,20.82,19.03,10.88
668,0,70,40,40,46.74,19.29,10.05,18.76,15.82,9.74
669,0,100,40,40,43.75,25.09,8.13,17.42,13.67,8.81
670,20,0,40,40,54.94,-6.12,13.76,20.76,22.87,13.19
671,20,20,40,40,50.87,0.73,10.61,18.62,19.16,11.83
672,20,40,40,40,47.52,6.52,8.07,16.99,16.42,10.77
673,20,70,40,40,44.06,12.9,5.55,15.49,13.88,9.71
674,20,100,40,40,41.51,18.09,4.07,14.51,12.19,8.86
675,40,0,40,40,51.56,-9.94,8.97,17.16,19.75,12.81
676,40,20,40,40,47.98,-3.45,6.23,15.58,16.78,11.62
677,40,40,40,40,45.06,1.98,4.06,14.38,14.58,10.69
678,40,70,40,40,42.01,7.9,2.03,13.24,12.51,9.7
679,40,100,40,40,39.77,12.61,0.82,12.49,11.11,8.93
680,70,0,40,40,48.08,-14.05,3.54,13.9,16.86,12.61
681,70,20,40,40,45.03,-7.99,1.41,12.8,14.56,11.54
682,70,40,40,40,42.55,-2.95,-0.28,11.97,12.86,10.7
683,70,70,40,40,39.94,2.39,-1.9,11.14,11.22,9.81
684,70,100,40,40,38.05,6.6,-2.76,10.61,10.12,9.11
685,100,0,40,40,45.08,-17.34,-0.8,11.48,14.6,12.32
686,100,20,40,40,42.55,-11.48,-2.37,10.78,12.86,11.37
687,100,40,40,40,40.5,-6.74,-3.63,10.24,11.56,10.64
688,100,70,40,40,38.33,-1.76,-4.73,9.68,10.27,9.82
689,100,100,40,40,36.76,1.93,-5.2,9.3,9.41,9.17
690,0,0,70,40,58.48,-1.69,28.04,25.12,26.46,10.43
691,0,20,70,40,54,5.71,23.18,22.41,21.97,9.56
692,0,40,70,40,50.29,11.96,19.2,20.35,18.67,8.87
693,0,70,70,40,46.35,18.81,14.85,18.34,15.53,8.2
694,0,100,70,40,43.39,24.49,12.03,17.02,13.42,7.61
695,20,0,70,40,54.5,-6.96,21.49,20.19,22.45,10.33
696,20,20,70,40,50.5,-0.06,17.17,18.16,18.84,9.55
697,20,40,70,40,47.2,5.77,13.67,16.61,16.17,8.92
698,20,70,70,40,43.79,12.07,10.14,15.15,13.69,8.28
699,20,100,70,40,41.24,17.19,7.71,14.18,12.01,7.77
700,40,0,70,40,51.3,-11.08,16.31,16.76,19.53,10.23
701,40,20,70,40,47.73,-4.54,12.48,15.21,16.59,9.53
702,40,40,70,40,44.8,0.98,9.42,14.04,14.4,8.95
703,40,70,70,40,41.78,6.83,6.41,12.92,12.36,8.35
704,40,100,70,40,39.58,11.54,4.4,12.21,11,7.88
705,70,0,70,40,47.73,-15.48,10.43,13.43,16.58,10.14
706,70,20,70,40,44.73,-9.32,7.39,12.41,14.35,9.5
707,70,40,70,40,42.28,-4.22,4.94,11.62,12.68,8.99
708,70,70,70,40,39.74,1.23,2.5,10.86,11.09,8.46
709,70,100,70,40,37.85,5.51,0.93,10.35,10,8.01
710,100,0,70,40,44.68,-18.97,5.79,11.01,14.31,9.95
711,100,20,70,40,42.23,-13.1,3.37,10.39,12.65,9.42
712,100,40,70,40,40.23,-8.23,1.47,9.9,11.39,8.97
713,100,70,70,40,38.09,-3.14,-0.44,9.38,10.14,8.48
714,100,100,70,40,36.49,0.78,-1.45,9.03,9.26,8.02
715,0,0,100,40,57.86,-1.68,35.39,24.5,25.81,8.02
716,0,20,100,40,53.55,5.68,29.3,21.99,21.56,7.67
717,0,40,100,40,49.94,11.89,24.31,20.03,18.37,7.36
718,0,70,100,40,46.01,18.53,18.94,18.01,15.27,7.02
719,0,100,100,40,43.09,24.03,15.26,16.7,13.22,6.7
720,20,0,100,40,54.09,-7.22,28.12,19.78,22.06,8.22
721,20,20,100,40,50.16,-0.38,22.77,17.82,18.55,7.85
722,20,40,100,40,46.91,5.39,18.4,16.32,15.95,7.53
723,20,70,100,40,43.52,11.56,13.96,14.87,13.51,7.19
724,20,100,100,40,41.01,16.58,10.8,13.92,11.87,6.9
725,40,0,100,40,51.04,-11.51,22.35,16.48,19.3,8.36
726,40,20,100,40,47.44,-5.07,17.62,14.91,16.36,7.97
727,40,40,100,40,44.51,0.41,13.83,13.75,14.19,7.64
728,40,70,100,40,41.55,6.18,10.06,12.68,12.21,7.31
729,40,100,100,40,39.37,10.82,7.37,11.98,10.88,7.05
730,70,0,100,40,47.35,-16.1,15.8,13.09,16.29,8.41
731,70,20,100,40,44.39,-10,12.09,12.1,14.11,8.04
732,70,40,100,40,42,-4.99,9.12,11.35,12.5,7.74
733,70,70,100,40,39.48,0.44,6.04,10.61,10.94,7.42
734,70,100,100,40,37.62,4.7,3.86,10.11,9.87,7.17
735,100,0,100,40,44.3,-19.73,10.65,10.69,14.05,8.38
736,100,20,100,40,41.94,-13.89,7.66,10.12,12.46,8.09
737,100,40,100,40,39.98,-9.18,5.26,9.64,11.24,7.84
738,100,70,100,40,37.83,-4.04,2.8,9.14,9.99,7.52
739,100,100,100,40,36.22,-0.28,1.35,8.76,9.12,7.19
740,0,0,0,60,51.96,0.7,3.69,19.53,20.11,15.07
741,0,20,0,60,48.61,6.1,2.48,17.78,17.28,13.32
742,0,40,0,60,45.95,10.8,1.65,16.54,15.23,11.99
743,0,70,0,60,42.7,15.84,1.07,14.99,12.96,10.36
744,0,100,0,60,40.14,20.1,1.31,13.89,11.34,8.98
745,20,0,0,60,48.83,-2.57,-0.48,16.37,17.46,14.59
746,20,20,0,60,45.88,2.68,-1.28,15.08,15.18,12.97
747,20,40,0,60,43.45,7.07,-1.82,14.09,13.46,11.71
748,20,70,0,60,40.83,11.64,-2.18,13.03,11.76,10.36
749,20,100,0,60,38.84,15.38,-1.91,12.31,10.56,9.25
750,40,0,0,60,46.42,-5.06,-3.75,14.19,15.58,14.24
751,40,20,0,60,43.73,-0.1,-4.29,13.15,13.65,12.73
752,40,40,0,60,41.53,4,-4.65,12.34,12.2,11.55
753,40,70,0,60,39.37,8.26,-4.78,11.61,10.87,10.39
754,40,100,0,60,37.77,11.67,-4.43,11.13,9.96,9.45
755,70,0,0,60,43.65,-7.7,-7.36,11.96,13.59,13.8
756,70,20,0,60,41.44,-3.24,-7.68,11.25,12.14,12.53
757,70,40,0,60,39.64,0.45,-7.84,10.7,11.04,11.52
758,70,70,0,60,37.76,4.45,-7.66,10.16,9.95,10.42
759,70,100,0,60,36.41,7.51,-7.18,9.81,9.22,9.57
760,100,0,0,60,41.2,-9.86,-10.29,10.23,11.99,13.32
761,100,20,0,60,39.52,-5.67,-10.37,9.84,10.97,12.32
762,100,40,0,60,38.12,-2.21,-10.28,9.52,10.16,11.46
763,100,70,0,60,36.55,1.52,-9.75,9.14,9.29,10.42
764,100,100,0,60,35.41,4.01,-9.2,8.86,8.71,9.66
765,0,0,20,60,51.66,-0.13,10.46,19.11,19.84,12.35
766,0,20,20,60,48.27,5.46,8.45,17.39,17.01,11.06
767,0,40,20,60,45.5,10.21,6.86,16.09,14.9,10.06
768,0,70,20,60,42.51,15.35,5.26,14.77,12.83,9.02
769,0,100,20,60,40.21,19.67,4.54,13.86,11.38,8.13
770,20,0,20,60,48.5,-3.62,6.13,15.93,17.19,11.96
771,20,20,20,60,45.56,1.65,4.43,14.68,14.94,10.85
772,20,40,20,60,43.15,6.12,3.11,13.72,13.26,9.96
773,20,70,20,60,40.61,10.81,1.9,12.76,11.62,9.04
774,20,100,20,60,38.7,14.69,1.39,12.12,10.49,8.27
775,40,0,20,60,46.03,-6.4,2.62,13.71,15.29,11.71
776,40,20,20,60,43.43,-1.37,1.22,12.76,13.45,10.7
777,40,40,20,60,41.31,2.84,0.13,12.03,12.06,9.91
778,40,70,20,60,39.11,7.18,-0.8,11.3,10.72,9.07
779,40,100,20,60,37.5,10.73,-1.11,10.84,9.81,8.39
780,70,0,20,60,43.48,-9.32,-1.31,11.63,13.48,11.55
781,70,20,20,60,41.28,-4.72,-2.37,10.95,12.04,10.66
782,70,40,20,60,39.46,-0.91,-3.22,10.42,10.93,9.96
783,70,70,20,60,37.56,3.11,-3.84,9.88,9.84,9.18
784,70,100,20,60,36.18,6.24,-4,9.53,9.1,8.56
785,100,0,20,60,41.23,-11.71,-4.5,10.01,12.01,11.32
786,100,20,20,60,39.43,-7.35,-5.24,9.58,10.91,10.56
787,100,40,20,60,37.95,-3.8,-5.78,9.23,10.06,9.94
788,100,70,20,60,36.35,-0.03,-6.09,8.86,9.19,9.22
789,100,100,20,60,35.2,2.61,-6.06,8.59,8.6,8.66
790,0,0,40,60,51.42,-0.72,15.9,18.79,19.64,10.42
791,0,20,40,60,48.01,4.94,13.2,17.09,16.8,9.46
792,0,40,40,60,45.19,9.74,11,15.78,14.68,8.7
793,0,70,40,60,42.37,14.94,8.61,14.61,12.74,8.04
794,0,100,40,60,40.26,19.3,7.15,13.84,11.41,7.48
795,20,0,40,60,48.28,-4.53,11.37,15.62,17.02,10.15
796,20,20,40,60,45.34,0.83,8.97,14.39,14.79,9.35
797,20,40,40,60,42.92,5.35,7.03,13.45,13.1,8.72
798,20,70,40,60,40.44,10.14,5.15,12.55,11.52,8.07
799,20,100,40,60,38.61,14.06,4.03,11.97,10.43,7.55
800,40,0,40,60,45.77,-7.51,7.72,13.36,15.1,9.94
801,40,20,40,60,43.23,-2.4,5.59,12.48,13.31,9.27
802,40,40,40,60,41.14,1.87,3.91,11.79,11.95,8.73
803,40,70,40,60,38.93,6.34,2.39,11.08,10.62,8.11
804,40,100,40,60,37.31,9.92,1.5,10.62,9.71,7.62
805,70,0,40,60,43.33,-10.69,3.53,11.35,13.38,9.93
806,70,20,40,60,41.13,-5.97,1.82,10.7,11.94,9.32
807,70,40,40,60,39.32,-2.05,0.47,10.19,10.85,8.81
808,70,70,40,60,37.42,2.03,-0.77,9.67,9.77,8.26
809,70,100,40,60,36.04,5.27,-1.44,9.33,9.03,7.81
810,100,0,40,60,41.22,-13.29,0.13,9.8,12,9.86
811,100,20,40,60,39.34,-8.78,-1.17,9.36,10.86,9.29
812,100,40,40,60,37.82,-5.11,-2.21,9.01,9.99,8.84
813,100,70,40,60,36.22,-1.25,-3.1,8.65,9.12,8.33
814,100,100,40,60,35.07,1.63,-3.47,8.41,8.53,7.9
815,0,0,70,60,50.99,-1.21,21.85,18.34,19.26,8.47
816,0,20,70,60,47.75,4.51,18.27,16.8,16.6,7.93
817,0,40,70,60,45.05,9.36,15.33,15.61,14.58,7.5
818,0,70,70,60,42.21,14.57,12.14,14.43,12.64,7.08
819,0,100,70,60,40.08,18.93,10.05,13.66,11.3,6.7
820,20,0,70,60,48.19,-5.3,17.02,15.42,16.95,8.47
821,20,20,70,60,45.27,0.08,13.77,14.22,14.74,8
822,20,40,70,60,42.85,4.64,11.13,13.3,13.06,7.6
823,20,70,70,60,40.36,9.44,8.54,12.4,11.47,7.18
824,20,100,70,60,38.51,13.36,6.75,11.81,10.37,6.84
825,40,0,70,60,45.91,-8.53,13.14,13.3,15.2,8.46
826,40,20,70,60,43.28,-3.39,10.2,12.37,13.35,8.03
827,40,40,70,60,41.12,0.94,7.85,11.64,11.94,7.67
828,40,70,70,60,38.89,5.41,5.66,10.93,10.6,7.27
829,40,100,70,60,37.27,9.02,4.19,10.48,9.68,6.94
830,70,0,70,60,43.34,-11.97,8.69,11.18,13.39,8.46
831,70,20,70,60,41.11,-7.16,6.32,10.53,11.93,8.07
832,70,40,70,60,39.28,-3.17,4.41,10.03,10.82,7.75
833,70,70,70,60,37.38,1.06,2.57,9.53,9.75,7.38
834,70,100,70,60,35.97,4.39,1.4,9.19,8.99,7.08
835,100,0,70,60,41.14,-14.75,5.11,9.57,11.95,8.4
836,100,20,70,60,39.29,-10.2,3.21,9.16,10.83,8.06
837,100,40,70,60,37.77,-6.38,1.71,8.83,9.96,7.77
838,100,70,70,60,36.15,-2.37,0.22,8.49,9.09,7.44
839,100,100,70,60,34.94,0.74,-0.56,8.25,8.47,7.12
840,0,0,100,60,50.62,-1.36,27.14,18.01,18.94,6.96
841,0,20,100,60,47.54,4.36,22.7,16.61,16.44,6.76
842,0,40,100,60,44.94,9.19,19.05,15.5,14.5,6.56
843,0,70,100,60,42.07,14.34,15.13,14.29,12.54,6.33
844,0,100,100,60,39.93,18.63,12.46,13.51,11.21,6.1
845,20,0,100,60,48.08,-5.67,21.84,15.27,16.86,7.18
846,20,20,100,60,45.19,-0.32,17.85,14.1,14.68,6.94
847,20,40,100,60,42.79,4.21,14.58,13.19,13.01,6.74
848,20,70,100,60,40.28,8.97,11.36,12.28,11.42,6.48
849,20,100,100,60,38.41,12.87,9.08,11.68,10.32,6.27
850,40,0,100,60,45.98,-9.04,17.59,13.27,15.25,7.34
851,40,20,100,60,43.27,-3.97,13.98,12.27,13.34,7.08
852,40,40,100,60,41.05,0.34,11.1,11.52,11.9,6.85
853,40,70,100,60,38.83,4.8,8.38,10.82,10.56,6.6
854,40,100,100,60,37.2,8.4,6.43,10.36,9.64,6.4
855,70,0,100,60,43.27,-12.64,12.7,11.05,13.34,7.39
856,70,20,100,60,41.03,-7.85,9.85,10.39,11.88,7.14
857,70,40,100,60,39.21,-3.91,7.57,9.89,10.78,6.94
858,70,70,100,60,37.29,0.37,5.27,9.39,9.7,6.7
859,70,100,100,60,35.87,3.73,3.65,9.06,8.94,6.51
860,100,0,100,60,41.02,-15.54,8.8,9.41,11.88,7.39
861,100,20,100,60,39.21,-10.96,6.48,9.02,10.78,7.2
862,100,40,100,60,37.7,-7.24,4.62,8.69,9.92,7.02
863,100,70,100,60,36.04,-3.12,2.73,8.35,9.03,6.79
864,100,100,100,60,34.8,-0.09,1.62,8.09,8.4,6.55
865,0,0,0,80,44.17,0.93,3.99,13.6,13.96,10.24
866,0,40,0,80,40.29,8.45,2.6,12.21,11.43,8.69
867,0,70,0,80,38.42,12.29,2.18,11.61,10.33,7.94
868,0,100,0,80,37.05,15.48,2.3,11.22,9.56,7.31
869,40,0,0,80,40.7,-3.29,-1.72,10.81,11.68,10.15
870,40,40,0,80,37.7,3.35,-2.5,9.98,9.92,8.86
871,40,70,0,80,36.31,6.62,-2.6,9.65,9.17,8.24
872,40,100,0,80,35.33,9.13,-2.36,9.43,8.67,7.74
873,70,0,0,80,38.99,-5.24,-4.39,9.61,10.65,10.07
874,70,40,0,80,36.5,0.86,-4.95,9.04,9.27,8.97
875,70,70,0,80,35.32,3.88,-4.93,8.8,8.66,8.41
876,70,100,0,80,34.51,6.11,-4.62,8.65,8.25,7.95
877,100,0,0,80,37.47,-6.84,-6.58,8.63,9.8,9.94
878,100,40,0,80,35.52,-1.12,-6.93,8.32,8.76,9.05
879,100,70,0,80,34.55,1.65,-6.74,8.16,8.28,8.54
880,100,100,0,80,33.86,3.46,-6.4,8.03,7.94,8.12
881,0,0,40,80,44.46,-0.38,12.8,13.59,14.16,7.88
882,0,40,40,80,40.57,7.79,9.13,12.29,11.6,7.12
883,0,70,40,80,38.67,11.81,7.56,11.69,10.47,6.72
884,0,100,40,80,37.28,15.04,6.67,11.3,9.69,6.38
885,40,0,40,80,41.11,-5.51,6.48,10.75,11.94,8.03
886,40,40,40,80,37.93,1.75,3.7,9.91,10.05,7.34
887,40,70,40,80,36.43,5.2,2.56,9.53,9.24,6.99
888,40,100,40,80,35.38,7.8,1.92,9.3,8.69,6.71
889,70,0,40,80,39.43,-8.05,3.46,9.49,10.91,8.06
890,70,40,40,80,36.66,-1.26,1.04,8.87,9.36,7.46
891,70,70,40,80,35.36,1.96,0.14,8.6,8.68,7.13
892,70,100,40,80,34.46,4.38,-0.28,8.43,8.23,6.86
893,100,0,40,80,37.94,-10.3,0.91,8.46,10.05,8.05
894,100,40,40,80,35.61,-3.8,-1.15,8.06,8.81,7.55
895,100,70,40,80,34.5,-0.67,-1.75,7.88,8.25,7.23
896,100,100,40,80,33.73,1.54,-1.92,7.76,7.88,6.94
897,0,0,70,80,44.69,-0.83,17.09,13.68,14.32,6.92
898,0,40,70,80,40.78,7.45,12.21,12.37,11.73,6.49
899,0,70,70,80,38.81,11.59,10.04,11.74,10.55,6.21
900,0,100,70,80,37.37,14.91,8.72,11.34,9.74,5.96
901,40,0,70,80,41.4,-6.51,10.37,10.78,12.11,7.17
902,40,40,70,80,38.16,0.92,6.64,9.93,10.18,6.73
903,40,70,70,80,36.59,4.47,5.03,9.53,9.32,6.48
904,40,100,70,80,35.49,7.19,4.04,9.28,8.75,6.27
905,70,0,70,80,39.73,-9.22,7.17,9.51,11.09,7.25
906,70,40,70,80,36.87,-2.28,3.88,8.86,9.47,6.85
907,70,70,70,80,35.5,1.09,2.59,8.56,8.75,6.61
908,70,100,70,80,34.53,3.63,1.86,8.37,8.26,6.39
909,100,0,70,80,38.25,-11.55,4.51,8.47,10.23,7.27
910,100,40,70,80,35.78,-4.96,1.6,8.02,8.89,6.95
911,100,70,70,80,34.58,-1.72,0.61,7.8,8.29,6.7
912,100,100,70,80,33.71,0.69,0.22,7.66,7.87,6.44
913,0,0,100,80,44.91,-0.96,20.71,13.81,14.48,6.18
914,0,40,100,80,40.97,7.24,14.69,12.46,11.85,6.01
915,0,70,100,80,38.93,11.44,12.04,11.8,10.62,5.83
916,0,100,100,80,37.42,14.83,10.32,11.36,9.77,5.64
917,40,0,100,80,41.63,-7.04,13.42,10.84,12.26,6.54
918,40,40,100,80,38.36,0.34,8.96,9.96,10.29,6.28
919,40,70,100,80,36.75,3.97,7.03,9.55,9.4,6.09
920,40,100,100,80,35.58,6.78,5.75,9.28,8.79,5.94
921,70,0,100,80,39.94,-9.82,9.96,9.54,11.21,6.67
922,70,40,100,80,37.04,-2.97,6.08,8.86,9.56,6.42
923,70,70,100,80,35.61,0.46,4.52,8.54,8.81,6.21
924,70,100,100,80,34.57,3.07,3.52,8.33,8.29,6.04
925,100,0,100,80,38.45,-12.16,7.09,8.5,10.34,6.74
926,100,40,100,80,35.92,-5.72,3.59,8,8.96,6.54
927,100,70,100,80,34.62,-2.41,2.36,7.75,8.31,6.32
928,100,100,100,80,33.68,-0.03,1.77,7.57,7.85,6.09
